,origin_polygon,destination_polygon,log10_count,origin_polygon_up,destination_polygon_up
0,2.0,1.0,3.6582976503081897,13,12
1,2.0,3.0,3.13956426617585,13,19
2,2.0,4.0,1.8976270912904414,13,21
3,2.0,5.0,1.7160033436347992,13,24
4,2.0,6.0,1.255272505103306,13,26
5,2.0,7.0,2.1172712956557644,13,28
6,2.0,8.0,1.6720978579357175,13,29
7,2.0,9.0,1.8129133566428557,13,35
8,2.0,10.0,1.2304489213782739,13,39
9,2.0,11.0,0.3010299956639812,13,40
10,2.0,12.0,0.47712125471966244,13,41
11,2.0,13.0,1.1760912590556813,13,42
12,2.0,14.0,1.2304489213782739,13,45
13,2.0,15.0,0.7781512503836436,13,47
14,2.0,16.0,0.47712125471966244,13,49
15,2.0,17.0,0.3010299956639812,13,51
16,2.0,19.0,0.0,13,55
17,2.0,21.0,0.0,13,58
18,2.0,22.0,0.0,13,60
19,2.0,23.0,0.0,13,64
20,2.0,24.0,0.47712125471966244,13,65
21,2.0,25.0,0.0,13,66
22,2.0,26.0,0.0,13,68
23,2.0,27.0,0.0,13,69
24,2.0,30.0,0.0,13,74
25,2.0,31.0,0.3010299956639812,13,77
26,3.0,1.0,2.5646660642520893,19,12
27,3.0,3.0,3.932980821923198,19,19
28,3.0,4.0,1.9242792860618816,19,21
29,3.0,5.0,1.3979400086720377,19,24
30,3.0,6.0,1.0,19,26
31,3.0,7.0,1.7242758696007892,19,28
32,3.0,8.0,1.3802112417116061,19,29
33,3.0,9.0,1.6020599913279625,19,35
34,3.0,10.0,1.1139433523068367,19,39
35,3.0,13.0,1.3424226808222062,19,42
36,3.0,14.0,0.9542425094393249,19,45
37,3.0,15.0,0.6020599913279624,19,47
38,3.0,16.0,0.7781512503836436,19,49
39,3.0,17.0,0.3010299956639812,19,51
40,3.0,19.0,0.47712125471966244,19,55
41,3.0,21.0,0.0,19,58
42,3.0,27.0,0.3010299956639812,19,69
43,3.0,29.0,0.3010299956639812,19,72
44,3.0,30.0,0.0,19,74
45,3.0,31.0,0.6020599913279624,19,77
46,3.0,34.0,0.0,19,83
47,4.0,1.0,2.0718820073061255,21,12
48,4.0,3.0,3.2704459080179626,21,19
49,4.0,4.0,3.338456493604605,21,21
50,4.0,5.0,3.0149403497929366,21,24
51,4.0,6.0,2.359835482339888,21,26
52,4.0,7.0,2.419955748489758,21,28
53,4.0,8.0,1.8325089127062364,21,29
54,4.0,9.0,1.9684829485539352,21,35
55,4.0,10.0,1.6020599913279625,21,39
56,4.0,11.0,0.6020599913279624,21,40
57,4.0,12.0,0.9030899869919435,21,41
58,4.0,13.0,1.6232492903979006,21,42
59,4.0,14.0,1.146128035678238,21,45
60,4.0,15.0,0.9542425094393249,21,47
61,4.0,16.0,1.0413926851582251,21,49
62,4.0,17.0,0.3010299956639812,21,51
63,4.0,18.0,0.6989700043360189,21,53
64,4.0,19.0,0.8450980400142568,21,55
65,4.0,20.0,0.7781512503836436,21,57
66,4.0,22.0,0.47712125471966244,21,60
67,4.0,23.0,0.6989700043360189,21,64
68,4.0,26.0,0.6020599913279624,21,68
69,4.0,27.0,0.0,21,69
70,4.0,28.0,0.47712125471966244,21,71
71,4.0,30.0,0.3010299956639812,21,74
72,4.0,31.0,0.6989700043360189,21,77
73,4.0,33.0,0.3010299956639812,21,82
74,5.0,1.0,1.8976270912904414,24,12
75,5.0,3.0,2.949877704036875,24,19
76,5.0,4.0,2.9703468762300935,24,21
77,5.0,5.0,3.0472748673841794,24,24
78,5.0,6.0,2.499687082618404,24,26
79,5.0,7.0,2.4456042032735974,24,28
80,5.0,8.0,2.0253058652647704,24,29
81,5.0,9.0,1.8325089127062364,24,35
82,5.0,10.0,1.5797835966168101,24,39
83,5.0,11.0,0.3010299956639812,24,40
84,5.0,12.0,1.0,24,41
85,5.0,13.0,1.6434526764861874,24,42
86,5.0,14.0,1.4471580313422192,24,45
87,5.0,15.0,1.2304489213782739,24,47
88,5.0,16.0,1.0,24,49
89,5.0,17.0,0.9030899869919435,24,51
90,5.0,18.0,0.6989700043360189,24,53
91,5.0,19.0,0.9542425094393249,24,55
92,5.0,20.0,0.6989700043360189,24,57
93,5.0,21.0,0.47712125471966244,24,58
94,5.0,22.0,0.3010299956639812,24,60
95,5.0,23.0,0.3010299956639812,24,64
96,5.0,25.0,0.0,24,66
97,5.0,26.0,0.0,24,68
98,5.0,27.0,0.3010299956639812,24,69
99,5.0,28.0,0.47712125471966244,24,71
100,5.0,30.0,0.0,24,74
101,5.0,31.0,0.6989700043360189,24,77
102,5.0,32.0,0.3010299956639812,24,81
103,5.0,34.0,0.0,24,83
104,6.0,1.0,2.0,26,12
105,6.0,3.0,2.9947569445876283,26,19
106,6.0,4.0,3.0842186867392387,26,21
107,6.0,5.0,3.3205616801952367,26,24
108,6.0,6.0,2.842609239610562,26,26
109,6.0,7.0,2.6570558528571038,26,28
110,6.0,8.0,2.164352855784437,26,29
111,6.0,9.0,1.863322860120456,26,35
112,6.0,10.0,1.5440680443502757,26,39
113,6.0,11.0,1.1139433523068367,26,40
114,6.0,12.0,1.2041199826559248,26,41
115,6.0,13.0,1.6434526764861874,26,42
116,6.0,14.0,1.5440680443502757,26,45
117,6.0,15.0,1.3010299956639813,26,47
118,6.0,16.0,1.255272505103306,26,49
119,6.0,17.0,0.7781512503836436,26,51
120,6.0,18.0,0.6020599913279624,26,53
121,6.0,19.0,0.9030899869919435,26,55
122,6.0,20.0,0.7781512503836436,26,57
123,6.0,21.0,0.6989700043360189,26,58
124,6.0,22.0,0.3010299956639812,26,60
125,6.0,23.0,0.47712125471966244,26,64
126,6.0,24.0,0.47712125471966244,26,65
127,6.0,25.0,0.47712125471966244,26,66
128,6.0,27.0,0.47712125471966244,26,69
129,6.0,28.0,0.0,26,71
130,6.0,30.0,0.3010299956639812,26,74
131,6.0,31.0,0.7781512503836436,26,77
132,6.0,32.0,0.0,26,81
133,6.0,33.0,0.3010299956639812,26,82
134,6.0,35.0,0.3010299956639812,26,84
135,7.0,1.0,1.5314789170422551,28,12
136,7.0,3.0,2.322219294733919,28,19
137,7.0,4.0,2.24551266781415,28,21
138,7.0,5.0,2.578639209968072,28,24
139,7.0,6.0,2.6599162000698504,28,26
140,7.0,7.0,3.1970047280230456,28,28
141,7.0,8.0,2.338456493604605,28,29
142,7.0,9.0,1.863322860120456,28,35
143,7.0,10.0,1.6127838567197355,28,39
144,7.0,11.0,0.8450980400142568,28,40
145,7.0,12.0,0.9542425094393249,28,41
146,7.0,13.0,1.7075701760979363,28,42
147,7.0,14.0,1.5185139398778875,28,45
148,7.0,15.0,1.0,28,47
149,7.0,16.0,1.3424226808222062,28,49
150,7.0,17.0,0.7781512503836436,28,51
151,7.0,18.0,0.47712125471966244,28,53
152,7.0,19.0,0.6020599913279624,28,55
153,7.0,20.0,0.7781512503836436,28,57
154,7.0,21.0,0.0,28,58
155,7.0,22.0,0.6020599913279624,28,60
156,7.0,23.0,0.47712125471966244,28,64
157,7.0,24.0,0.3010299956639812,28,65
158,7.0,25.0,0.3010299956639812,28,66
159,7.0,26.0,0.6020599913279624,28,68
160,7.0,27.0,0.6020599913279624,28,69
161,7.0,28.0,0.6020599913279624,28,71
162,7.0,29.0,0.0,28,72
163,7.0,30.0,0.7781512503836436,28,74
164,7.0,31.0,0.6020599913279624,28,77
165,7.0,32.0,0.0,28,81
166,8.0,1.0,2.0211892990699383,29,12
167,8.0,3.0,2.673020907128896,29,19
168,8.0,4.0,2.4785664955938436,29,21
169,8.0,5.0,2.6532125137753435,29,24
170,8.0,6.0,2.5024271199844326,29,26
171,8.0,7.0,3.1031192535457137,29,28
172,8.0,8.0,3.092018470752797,29,29
173,8.0,9.0,2.4099331233312946,29,35
174,8.0,10.0,2.2013971243204513,29,39
175,8.0,11.0,1.1760912590556813,29,40
176,8.0,12.0,1.4913616938342726,29,41
177,8.0,13.0,2.1522883443830567,29,42
178,8.0,14.0,2.1271047983648077,29,45
179,8.0,15.0,1.7160033436347992,29,47
180,8.0,16.0,1.8388490907372552,29,49
181,8.0,17.0,1.7323937598229686,29,51
182,8.0,18.0,1.0,29,53
183,8.0,19.0,1.5314789170422551,29,55
184,8.0,20.0,0.9542425094393249,29,57
185,8.0,21.0,1.0791812460476249,29,58
186,8.0,22.0,1.3802112417116061,29,60
187,8.0,23.0,1.3424226808222062,29,64
188,8.0,24.0,0.8450980400142568,29,65
189,8.0,25.0,1.1139433523068367,29,66
190,8.0,26.0,0.8450980400142568,29,68
191,8.0,27.0,0.9030899869919435,29,69
192,8.0,28.0,0.3010299956639812,29,71
193,8.0,29.0,0.0,29,72
194,8.0,30.0,0.8450980400142568,29,74
195,8.0,31.0,1.0791812460476249,29,77
196,8.0,32.0,0.0,29,81
197,8.0,33.0,0.0,29,82
198,8.0,34.0,0.0,29,83
199,9.0,1.0,1.6127838567197355,35,12
200,9.0,3.0,2.100370545117563,35,19
201,9.0,4.0,1.7634279935629373,35,21
202,9.0,5.0,1.99563519459755,35,24
203,9.0,6.0,1.6812412373755872,35,26
204,9.0,7.0,2.530199698203082,35,28
205,9.0,8.0,2.292256071356476,35,29
206,9.0,9.0,2.7489628612561616,35,35
207,9.0,10.0,2.678518379040114,35,39
208,9.0,11.0,1.3802112417116061,35,40
209,9.0,12.0,1.6232492903979006,35,41
210,9.0,13.0,1.9590413923210936,35,42
211,9.0,14.0,2.0170333392987803,35,45
212,9.0,15.0,1.5797835966168101,35,47
213,9.0,16.0,1.414973347970818,35,49
214,9.0,17.0,1.3617278360175928,35,51
215,9.0,18.0,1.1760912590556813,35,53
216,9.0,19.0,1.2041199826559248,35,55
217,9.0,20.0,1.1139433523068367,35,57
218,9.0,21.0,1.2041199826559248,35,58
219,9.0,22.0,1.255272505103306,35,60
220,9.0,23.0,1.0413926851582251,35,64
221,9.0,24.0,1.0791812460476249,35,65
222,9.0,25.0,1.146128035678238,35,66
223,9.0,26.0,0.6989700043360189,35,68
224,9.0,27.0,1.0,35,69
225,9.0,28.0,0.6020599913279624,35,71
226,9.0,30.0,0.6020599913279624,35,74
227,9.0,31.0,0.9542425094393249,35,77
228,9.0,32.0,0.3010299956639812,35,81
229,9.0,33.0,0.6020599913279624,35,82
230,9.0,35.0,0.3010299956639812,35,84
231,9.0,41.0,0.0,35,111
232,10.0,1.0,1.2041199826559248,39,12
233,10.0,3.0,1.7708520116421442,39,19
234,10.0,4.0,1.1760912590556813,39,21
235,10.0,5.0,1.568201724066995,39,24
236,10.0,6.0,1.255272505103306,39,26
237,10.0,7.0,2.2695129442179165,39,28
238,10.0,8.0,1.845098040014257,39,29
239,10.0,9.0,3.09377178149873,39,35
240,10.0,10.0,3.172310968521954,39,39
241,10.0,11.0,1.8864907251724818,39,40
242,10.0,12.0,1.8573324964312685,39,41
243,10.0,13.0,2.0170333392987803,39,42
244,10.0,14.0,1.8692317197309762,39,45
245,10.0,15.0,1.414973347970818,39,47
246,10.0,16.0,1.414973347970818,39,49
247,10.0,17.0,1.5185139398778875,39,51
248,10.0,18.0,1.2041199826559248,39,53
249,10.0,19.0,1.3010299956639813,39,55
250,10.0,20.0,1.2304489213782739,39,57
251,10.0,21.0,0.6989700043360189,39,58
252,10.0,22.0,1.1760912590556813,39,60
253,10.0,23.0,1.0791812460476249,39,64
254,10.0,24.0,0.6989700043360189,39,65
255,10.0,25.0,1.1139433523068367,39,66
256,10.0,26.0,0.6020599913279624,39,68
257,10.0,27.0,0.9542425094393249,39,69
258,10.0,28.0,0.7781512503836436,39,71
259,10.0,29.0,0.0,39,72
260,10.0,30.0,0.7781512503836436,39,74
261,10.0,31.0,1.0413926851582251,39,77
262,10.0,32.0,0.7781512503836436,39,81
263,10.0,33.0,0.3010299956639812,39,82
264,10.0,34.0,0.0,39,83
265,11.0,1.0,0.7781512503836436,40,12
266,11.0,3.0,0.9542425094393249,40,19
267,11.0,4.0,0.6989700043360189,40,21
268,11.0,5.0,0.8450980400142568,40,24
269,11.0,6.0,0.6989700043360189,40,26
270,11.0,7.0,1.4471580313422192,40,28
271,11.0,8.0,1.2304489213782739,40,29
272,11.0,9.0,2.4471580313422194,40,35
273,11.0,10.0,2.9907826918031377,40,39
274,11.0,11.0,2.6866362692622934,40,40
275,11.0,12.0,2.3710678622717363,40,41
276,11.0,13.0,1.8692317197309762,40,42
277,11.0,14.0,1.662757831681574,40,45
278,11.0,15.0,1.1139433523068367,40,47
279,11.0,16.0,1.2304489213782739,40,49
280,11.0,17.0,1.0,40,51
281,11.0,18.0,0.7781512503836436,40,53
282,11.0,19.0,1.0,40,55
283,11.0,20.0,0.3010299956639812,40,57
284,11.0,21.0,0.6020599913279624,40,58
285,11.0,22.0,0.8450980400142568,40,60
286,11.0,23.0,0.7781512503836436,40,64
287,11.0,24.0,0.8450980400142568,40,65
288,11.0,25.0,0.47712125471966244,40,66
289,11.0,26.0,0.8450980400142568,40,68
290,11.0,27.0,0.6020599913279624,40,69
291,11.0,28.0,0.47712125471966244,40,71
292,11.0,30.0,0.0,40,74
293,11.0,31.0,0.6989700043360189,40,77
294,11.0,34.0,0.0,40,83
295,12.0,1.0,0.9030899869919435,41,12
296,12.0,3.0,0.7781512503836436,41,19
297,12.0,4.0,0.3010299956639812,41,21
298,12.0,5.0,0.7781512503836436,41,24
299,12.0,6.0,0.3010299956639812,41,26
300,12.0,7.0,1.4771212547196624,41,28
301,12.0,8.0,0.9542425094393249,41,29
302,12.0,9.0,2.5118833609788744,41,35
303,12.0,10.0,3.119915410257991,41,39
304,12.0,11.0,3.016197353512439,41,40
305,12.0,12.0,2.808210972924222,41,41
306,12.0,13.0,2.1367205671564067,41,42
307,12.0,14.0,1.9444826721501687,41,45
308,12.0,15.0,1.3424226808222062,41,47
309,12.0,16.0,1.3010299956639813,41,49
310,12.0,17.0,1.1139433523068367,41,51
311,12.0,18.0,0.7781512503836436,41,53
312,12.0,19.0,1.0791812460476249,41,55
313,12.0,20.0,1.0,41,57
314,12.0,21.0,1.1139433523068367,41,58
315,12.0,22.0,1.1139433523068367,41,60
316,12.0,23.0,1.0,41,64
317,12.0,24.0,1.0,41,65
318,12.0,25.0,1.0,41,66
319,12.0,26.0,0.6989700043360189,41,68
320,12.0,27.0,0.9542425094393249,41,69
321,12.0,28.0,0.0,41,71
322,12.0,30.0,0.0,41,74
323,12.0,31.0,0.3010299956639812,41,77
324,12.0,32.0,0.0,41,81
325,12.0,33.0,0.3010299956639812,41,82
326,12.0,39.0,0.0,41,100
327,13.0,1.0,1.2041199826559248,42,12
328,13.0,3.0,1.3222192947339193,42,19
329,13.0,4.0,0.6020599913279624,42,21
330,13.0,5.0,0.8450980400142568,42,24
331,13.0,7.0,1.3979400086720377,42,28
332,13.0,8.0,0.9542425094393249,42,29
333,13.0,9.0,1.9030899869919435,42,35
334,13.0,10.0,2.3010299956639813,42,39
335,13.0,11.0,2.296665190261531,42,40
336,13.0,12.0,2.2576785748691846,42,41
337,13.0,13.0,2.167317334748176,42,42
338,13.0,14.0,2.5453071164658243,42,45
339,13.0,15.0,1.9344984512435677,42,47
340,13.0,16.0,1.7781512503836436,42,49
341,13.0,17.0,2.155336037465062,42,51
342,13.0,18.0,2.0863598306747484,42,53
343,13.0,19.0,2.0569048513364727,42,55
344,13.0,20.0,2.0211892990699383,42,57
345,13.0,21.0,1.7481880270062005,42,58
346,13.0,22.0,1.8808135922807914,42,60
347,13.0,23.0,1.9138138523837167,42,64
348,13.0,24.0,1.7242758696007892,42,65
349,13.0,25.0,1.6434526764861874,42,66
350,13.0,26.0,1.6532125137753437,42,68
351,13.0,27.0,1.6434526764861874,42,69
352,13.0,28.0,0.9542425094393249,42,71
353,13.0,29.0,0.9030899869919435,42,72
354,13.0,30.0,1.4771212547196624,42,74
355,13.0,31.0,1.3617278360175928,42,77
356,13.0,32.0,0.6989700043360189,42,81
357,13.0,33.0,0.7781512503836436,42,82
358,13.0,34.0,0.47712125471966244,42,83
359,13.0,35.0,0.47712125471966244,42,84
360,13.0,37.0,0.3010299956639812,42,91
361,13.0,38.0,0.6020599913279624,42,94
362,13.0,39.0,0.47712125471966244,42,100
363,13.0,40.0,0.3010299956639812,42,109
364,13.0,41.0,0.0,42,111
365,14.0,1.0,1.0791812460476249,45,12
366,14.0,3.0,1.1139433523068367,45,19
367,14.0,4.0,0.7781512503836436,45,21
368,14.0,5.0,0.6020599913279624,45,24
369,14.0,6.0,0.0,45,26
370,14.0,7.0,1.3424226808222062,45,28
371,14.0,8.0,0.6989700043360189,45,29
372,14.0,9.0,1.5440680443502757,45,35
373,14.0,10.0,1.3424226808222062,45,39
374,14.0,11.0,0.9542425094393249,45,40
375,14.0,12.0,0.8450980400142568,45,41
376,14.0,13.0,1.4771212547196624,45,42
377,14.0,14.0,2.2764618041732443,45,45
378,14.0,15.0,1.6334684555795866,45,47
379,14.0,16.0,1.2041199826559248,45,49
380,14.0,17.0,2.428134794028789,45,51
381,14.0,18.0,2.5403294747908736,45,53
382,14.0,19.0,2.1271047983648077,45,55
383,14.0,20.0,2.214843848047698,45,57
384,14.0,21.0,1.7781512503836436,45,58
385,14.0,22.0,1.8692317197309762,45,60
386,14.0,23.0,2.03342375548695,45,64
387,14.0,24.0,1.7323937598229686,45,65
388,14.0,25.0,1.7853298350107671,45,66
389,14.0,26.0,1.8195439355418688,45,68
390,14.0,27.0,1.7242758696007892,45,69
391,14.0,28.0,1.3979400086720377,45,71
392,14.0,29.0,1.1139433523068367,45,72
393,14.0,30.0,1.3802112417116061,45,74
394,14.0,31.0,1.3010299956639813,45,77
395,14.0,32.0,1.2041199826559248,45,81
396,14.0,33.0,0.8450980400142568,45,82
397,14.0,34.0,0.3010299956639812,45,83
398,14.0,35.0,1.146128035678238,45,84
399,14.0,36.0,0.3010299956639812,45,89
400,14.0,37.0,0.8450980400142568,45,91
401,14.0,38.0,0.9030899869919435,45,94
402,14.0,39.0,0.7781512503836436,45,100
403,14.0,40.0,1.0791812460476249,45,109
404,14.0,41.0,0.0,45,111
405,15.0,1.0,1.255272505103306,47,12
406,15.0,3.0,1.0413926851582251,47,19
407,15.0,4.0,0.7781512503836436,47,21
408,15.0,5.0,0.8450980400142568,47,24
409,15.0,6.0,0.3010299956639812,47,26
410,15.0,7.0,1.3010299956639813,47,28
411,15.0,8.0,0.6020599913279624,47,29
412,15.0,9.0,1.6434526764861874,47,35
413,15.0,10.0,1.6127838567197355,47,39
414,15.0,11.0,1.5314789170422551,47,40
415,15.0,12.0,1.806179973983887,47,41
416,15.0,13.0,2.0755469613925306,47,42
417,15.0,14.0,2.762678563727436,47,45
418,15.0,15.0,2.2648178230095364,47,47
419,15.0,16.0,1.7708520116421442,47,49
420,15.0,17.0,2.3521825181113627,47,51
421,15.0,18.0,2.334453751150931,47,53
422,15.0,19.0,2.1931245983544616,47,55
423,15.0,20.0,2.089905111439398,47,57
424,15.0,21.0,1.7403626894942439,47,58
425,15.0,22.0,1.8325089127062364,47,60
426,15.0,23.0,1.9084850188786497,47,64
427,15.0,24.0,1.7993405494535817,47,65
428,15.0,25.0,1.7634279935629373,47,66
429,15.0,26.0,1.6989700043360187,47,68
430,15.0,27.0,1.6989700043360187,47,69
431,15.0,28.0,1.0791812460476249,47,71
432,15.0,29.0,0.6989700043360189,47,72
433,15.0,30.0,1.4771212547196624,47,74
434,15.0,31.0,1.3424226808222062,47,77
435,15.0,32.0,1.146128035678238,47,81
436,15.0,33.0,0.47712125471966244,47,82
437,15.0,34.0,0.7781512503836436,47,83
438,15.0,35.0,1.0,47,84
439,15.0,36.0,0.3010299956639812,47,89
440,15.0,37.0,0.3010299956639812,47,91
441,15.0,38.0,0.6989700043360189,47,94
442,15.0,39.0,0.6989700043360189,47,100
443,15.0,40.0,0.8450980400142568,47,109
444,15.0,41.0,0.47712125471966244,47,111
445,15.0,42.0,0.47712125471966244,47,112
446,16.0,1.0,0.7781512503836436,49,12
447,16.0,3.0,0.9030899869919435,49,19
448,16.0,4.0,0.0,49,21
449,16.0,5.0,0.8450980400142568,49,24
450,16.0,6.0,0.6020599913279624,49,26
451,16.0,7.0,1.0791812460476249,49,28
452,16.0,8.0,0.7781512503836436,49,29
453,16.0,9.0,1.5797835966168101,49,35
454,16.0,10.0,1.5440680443502757,49,39
455,16.0,11.0,1.5910646070264993,49,40
456,16.0,12.0,1.8129133566428557,49,41
457,16.0,13.0,1.9684829485539352,49,42
458,16.0,14.0,2.6273658565927325,49,45
459,16.0,15.0,2.0755469613925306,49,47
460,16.0,16.0,1.7853298350107671,49,49
461,16.0,17.0,2.204119982655925,49,51
462,16.0,18.0,2.1903316981702914,49,53
463,16.0,19.0,2.0681858617461617,49,55
464,16.0,20.0,2.0253058652647704,49,57
465,16.0,21.0,1.662757831681574,49,58
466,16.0,22.0,1.6812412373755872,49,60
467,16.0,23.0,1.7853298350107671,49,64
468,16.0,24.0,1.6232492903979006,49,65
469,16.0,25.0,1.5314789170422551,49,66
470,16.0,26.0,1.414973347970818,49,68
471,16.0,27.0,1.6434526764861874,49,69
472,16.0,28.0,1.1139433523068367,49,71
473,16.0,29.0,0.7781512503836436,49,72
474,16.0,30.0,1.0791812460476249,49,74
475,16.0,31.0,1.3222192947339193,49,77
476,16.0,32.0,1.0413926851582251,49,81
477,16.0,33.0,0.6020599913279624,49,82
478,16.0,34.0,0.6020599913279624,49,83
479,16.0,35.0,0.3010299956639812,49,84
480,16.0,36.0,0.6989700043360189,49,89
481,16.0,38.0,0.7781512503836436,49,94
482,16.0,39.0,0.6989700043360189,49,100
483,16.0,40.0,0.3010299956639812,49,109
484,16.0,41.0,0.3010299956639812,49,111
485,16.0,42.0,0.0,49,112
486,17.0,1.0,0.6020599913279624,51,12
487,17.0,3.0,1.0413926851582251,51,19
488,17.0,4.0,0.0,51,21
489,17.0,5.0,0.0,51,24
490,17.0,7.0,0.8450980400142568,51,28
491,17.0,8.0,0.3010299956639812,51,29
492,17.0,9.0,0.6989700043360189,51,35
493,17.0,10.0,0.9030899869919435,51,39
494,17.0,12.0,0.0,51,41
495,17.0,13.0,1.0791812460476249,51,42
496,17.0,14.0,2.24551266781415,51,45
497,17.0,15.0,1.5910646070264993,51,47
498,17.0,16.0,1.3222192947339193,51,49
499,17.0,17.0,2.45484486000851,51,51
500,17.0,18.0,2.6020599913279625,51,53
501,17.0,19.0,1.8129133566428557,51,55
502,17.0,20.0,1.568201724066995,51,57
503,17.0,21.0,1.5185139398778875,51,58
504,17.0,22.0,1.5440680443502757,51,60
505,17.0,23.0,1.6232492903979006,51,64
506,17.0,24.0,1.2041199826559248,51,65
507,17.0,25.0,1.3979400086720377,51,66
508,17.0,26.0,1.2787536009528289,51,68
509,17.0,27.0,1.255272505103306,51,69
510,17.0,28.0,0.9030899869919435,51,71
511,17.0,29.0,0.47712125471966244,51,72
512,17.0,30.0,1.1760912590556813,51,74
513,17.0,31.0,0.9542425094393249,51,77
514,17.0,32.0,0.6989700043360189,51,81
515,17.0,33.0,0.3010299956639812,51,82
516,17.0,34.0,0.3010299956639812,51,83
517,17.0,35.0,0.6020599913279624,51,84
518,17.0,36.0,0.3010299956639812,51,89
519,17.0,37.0,0.3010299956639812,51,91
520,17.0,38.0,0.8450980400142568,51,94
521,17.0,39.0,0.47712125471966244,51,100
522,17.0,40.0,0.47712125471966244,51,109
523,17.0,41.0,0.6020599913279624,51,111
524,18.0,1.0,0.3010299956639812,53,12
525,18.0,7.0,0.0,53,28
526,18.0,14.0,0.6020599913279624,53,45
527,18.0,17.0,1.6232492903979006,53,51
528,18.0,18.0,3.638089721984506,53,53
529,18.0,19.0,0.9030899869919435,53,55
530,18.0,20.0,0.3010299956639812,53,57
531,18.0,21.0,0.3010299956639812,53,58
532,18.0,22.0,0.47712125471966244,53,60
533,18.0,23.0,0.47712125471966244,53,64
534,18.0,24.0,0.47712125471966244,53,65
535,18.0,25.0,0.6989700043360189,53,66
536,18.0,26.0,1.146128035678238,53,68
537,18.0,27.0,0.7781512503836436,53,69
538,18.0,28.0,0.3010299956639812,53,71
539,18.0,29.0,0.3010299956639812,53,72
540,18.0,30.0,0.6020599913279624,53,74
541,18.0,31.0,0.0,53,77
542,18.0,32.0,0.0,53,81
543,18.0,33.0,0.3010299956639812,53,82
544,18.0,35.0,0.47712125471966244,53,84
545,18.0,38.0,0.0,53,94
546,19.0,1.0,0.6989700043360189,55,12
547,19.0,3.0,0.47712125471966244,55,19
548,19.0,4.0,0.0,55,21
549,19.0,7.0,0.6989700043360189,55,28
550,19.0,8.0,0.3010299956639812,55,29
551,19.0,9.0,0.7781512503836436,55,35
552,19.0,10.0,0.47712125471966244,55,39
553,19.0,13.0,0.0,55,42
554,19.0,14.0,1.0791812460476249,55,45
555,19.0,16.0,0.0,55,49
556,19.0,17.0,2.342422680822206,55,51
557,19.0,18.0,2.9014583213961123,55,53
558,19.0,19.0,3.3224260524059526,55,55
559,19.0,20.0,1.9395192526186185,55,57
560,19.0,21.0,1.146128035678238,55,58
561,19.0,22.0,1.3222192947339193,55,60
562,19.0,23.0,1.4771212547196624,55,64
563,19.0,24.0,1.2304489213782739,55,65
564,19.0,25.0,1.2787536009528289,55,66
565,19.0,26.0,1.146128035678238,55,68
566,19.0,27.0,1.3802112417116061,55,69
567,19.0,28.0,0.3010299956639812,55,71
568,19.0,29.0,0.6020599913279624,55,72
569,19.0,30.0,1.0791812460476249,55,74
570,19.0,31.0,1.0791812460476249,55,77
571,19.0,32.0,0.6020599913279624,55,81
572,19.0,34.0,0.0,55,83
573,19.0,35.0,0.0,55,84
574,19.0,38.0,0.0,55,94
575,19.0,39.0,0.0,55,100
576,19.0,40.0,0.0,55,109
577,19.0,41.0,0.3010299956639812,55,111
578,20.0,1.0,0.0,57,12
579,20.0,3.0,0.0,57,19
580,20.0,7.0,0.0,57,28
581,20.0,14.0,0.3010299956639812,57,45
582,20.0,17.0,0.9030899869919435,57,51
583,20.0,18.0,1.6989700043360187,57,53
584,20.0,19.0,2.164352855784437,57,55
585,20.0,20.0,3.516931808868013,57,57
586,20.0,21.0,1.3979400086720377,57,58
587,20.0,22.0,1.2787536009528289,57,60
588,20.0,23.0,1.4471580313422192,57,64
589,20.0,24.0,1.1760912590556813,57,65
590,20.0,25.0,1.4771212547196624,57,66
591,20.0,26.0,0.9030899869919435,57,68
592,20.0,27.0,1.2787536009528289,57,69
593,20.0,28.0,0.7781512503836436,57,71
594,20.0,29.0,0.6020599913279624,57,72
595,20.0,30.0,0.47712125471966244,57,74
596,20.0,31.0,0.6989700043360189,57,77
597,20.0,32.0,0.47712125471966244,57,81
598,20.0,33.0,0.3010299956639812,57,82
599,20.0,35.0,0.47712125471966244,57,84
600,20.0,38.0,0.0,57,94
601,20.0,39.0,0.0,57,100
602,20.0,40.0,0.47712125471966244,57,109
603,21.0,1.0,0.47712125471966244,58,12
604,21.0,3.0,0.0,58,19
605,21.0,4.0,0.3010299956639812,58,21
606,21.0,5.0,0.3010299956639812,58,24
607,21.0,7.0,0.0,58,28
608,21.0,8.0,0.0,58,29
609,21.0,9.0,0.6989700043360189,58,35
610,21.0,10.0,0.3010299956639812,58,39
611,21.0,13.0,0.0,58,42
612,21.0,14.0,0.9542425094393249,58,45
613,21.0,17.0,0.9030899869919435,58,51
614,21.0,18.0,1.462397997898956,58,53
615,21.0,19.0,2.294466226161593,58,55
616,21.0,20.0,3.9794573180978485,58,57
617,21.0,21.0,2.1818435879447726,58,58
618,21.0,22.0,1.9912260756924949,58,60
619,21.0,23.0,2.1335389083702174,58,64
620,21.0,24.0,1.792391689498254,58,65
621,21.0,25.0,1.8750612633917,58,66
622,21.0,26.0,1.5185139398778875,58,68
623,21.0,27.0,1.4471580313422192,58,69
624,21.0,28.0,0.9030899869919435,58,71
625,21.0,29.0,0.8450980400142568,58,72
626,21.0,30.0,1.4313637641589874,58,74
627,21.0,31.0,1.3424226808222062,58,77
628,21.0,32.0,0.7781512503836436,58,81
629,21.0,33.0,0.3010299956639812,58,82
630,21.0,34.0,0.3010299956639812,58,83
631,21.0,35.0,0.6020599913279624,58,84
632,21.0,36.0,0.0,58,89
633,21.0,37.0,0.0,58,91
634,21.0,38.0,0.3010299956639812,58,94
635,21.0,39.0,0.0,58,100
636,21.0,40.0,0.47712125471966244,58,109
637,21.0,41.0,0.3010299956639812,58,111
638,22.0,3.0,0.0,60,19
639,22.0,4.0,0.47712125471966244,60,21
640,22.0,5.0,0.6020599913279624,60,24
641,22.0,7.0,0.3010299956639812,60,28
642,22.0,8.0,0.3010299956639812,60,29
643,22.0,9.0,0.8450980400142568,60,35
644,22.0,10.0,0.3010299956639812,60,39
645,22.0,13.0,0.0,60,42
646,22.0,14.0,0.0,60,45
647,22.0,15.0,0.0,60,47
648,22.0,17.0,0.8450980400142568,60,51
649,22.0,18.0,1.0413926851582251,60,53
650,22.0,19.0,2.093421685162235,60,55
651,22.0,20.0,3.3087777736647213,60,57
652,22.0,21.0,2.307496037913213,60,58
653,22.0,22.0,2.404833716619938,60,60
654,22.0,23.0,2.14921911265538,60,64
655,22.0,24.0,1.7993405494535817,60,65
656,22.0,25.0,1.7634279935629373,60,66
657,22.0,26.0,1.505149978319906,60,68
658,22.0,27.0,1.1760912590556813,60,69
659,22.0,28.0,1.0,60,71
660,22.0,29.0,0.7781512503836436,60,72
661,22.0,30.0,1.3010299956639813,60,74
662,22.0,31.0,0.9542425094393249,60,77
663,22.0,32.0,1.0413926851582251,60,81
664,22.0,33.0,0.0,60,82
665,22.0,34.0,0.3010299956639812,60,83
666,22.0,35.0,0.3010299956639812,60,84
667,22.0,38.0,0.47712125471966244,60,94
668,22.0,39.0,0.0,60,100
669,22.0,40.0,0.8450980400142568,60,109
670,22.0,41.0,0.47712125471966244,60,111
671,22.0,42.0,0.0,60,112
672,23.0,1.0,0.6989700043360189,64,12
673,23.0,3.0,0.6020599913279624,64,19
674,23.0,4.0,0.47712125471966244,64,21
675,23.0,7.0,0.7781512503836436,64,28
676,23.0,8.0,0.0,64,29
677,23.0,9.0,0.9542425094393249,64,35
678,23.0,10.0,0.47712125471966244,64,39
679,23.0,13.0,0.6020599913279624,64,42
680,23.0,14.0,0.6989700043360189,64,45
681,23.0,15.0,0.3010299956639812,64,47
682,23.0,16.0,0.3010299956639812,64,49
683,23.0,17.0,0.6989700043360189,64,51
684,23.0,18.0,1.1139433523068367,64,53
685,23.0,19.0,1.9138138523837167,64,55
686,23.0,20.0,2.74350976472843,64,57
687,23.0,21.0,2.369215857410143,64,58
688,23.0,22.0,2.673020907128896,64,60
689,23.0,23.0,3.675228253593064,64,64
690,23.0,24.0,2.444044795918076,64,65
691,23.0,25.0,2.361727836017593,64,66
692,23.0,26.0,1.9294189257142929,64,68
693,23.0,27.0,1.919078092376074,64,69
694,23.0,28.0,1.5440680443502757,64,71
695,23.0,29.0,1.2787536009528289,64,72
696,23.0,30.0,1.8808135922807914,64,74
697,23.0,31.0,1.6020599913279625,64,77
698,23.0,32.0,1.1760912590556813,64,81
699,23.0,33.0,1.0791812460476249,64,82
700,23.0,34.0,1.0,64,83
701,23.0,35.0,1.0,64,84
702,23.0,36.0,0.9542425094393249,64,89
703,23.0,37.0,0.47712125471966244,64,91
704,23.0,38.0,1.0413926851582251,64,94
705,23.0,39.0,0.6020599913279624,64,100
706,23.0,40.0,0.8450980400142568,64,109
707,23.0,41.0,0.8450980400142568,64,111
708,23.0,42.0,0.0,64,112
709,24.0,1.0,0.3010299956639812,65,12
710,24.0,3.0,0.0,65,19
711,24.0,4.0,0.0,65,21
712,24.0,5.0,0.47712125471966244,65,24
713,24.0,7.0,0.8450980400142568,65,28
714,24.0,8.0,0.47712125471966244,65,29
715,24.0,9.0,0.9542425094393249,65,35
716,24.0,13.0,0.3010299956639812,65,42
717,24.0,14.0,0.3010299956639812,65,45
718,24.0,15.0,0.3010299956639812,65,47
719,24.0,17.0,0.7781512503836436,65,51
720,24.0,18.0,1.0791812460476249,65,53
721,24.0,19.0,1.6434526764861874,65,55
722,24.0,20.0,2.505149978319906,65,57
723,24.0,21.0,2.2174839442139063,65,58
724,24.0,22.0,2.503790683057181,65,60
725,24.0,23.0,3.3845326154942486,65,64
726,24.0,24.0,3.0232524596337114,65,65
727,24.0,25.0,2.9122220565324155,65,66
728,24.0,26.0,1.9030899869919435,65,68
729,24.0,27.0,2.089905111439398,65,69
730,24.0,28.0,1.7323937598229686,65,71
731,24.0,29.0,1.2787536009528289,65,72
732,24.0,30.0,1.9777236052888478,65,74
733,24.0,31.0,1.5563025007672873,65,77
734,24.0,32.0,1.3617278360175928,65,81
735,24.0,33.0,1.0,65,82
736,24.0,34.0,0.8450980400142568,65,83
737,24.0,35.0,0.7781512503836436,65,84
738,24.0,36.0,0.6020599913279624,65,89
739,24.0,37.0,0.6020599913279624,65,91
740,24.0,38.0,0.7781512503836436,65,94
741,24.0,39.0,1.0791812460476249,65,100
742,24.0,40.0,1.1139433523068367,65,109
743,24.0,41.0,0.7781512503836436,65,111
744,24.0,42.0,0.3010299956639812,65,112
745,25.0,1.0,0.47712125471966244,66,12
746,25.0,3.0,0.0,66,19
747,25.0,4.0,0.47712125471966244,66,21
748,25.0,5.0,0.47712125471966244,66,24
749,25.0,6.0,0.0,66,26
750,25.0,7.0,0.3010299956639812,66,28
751,25.0,8.0,0.0,66,29
752,25.0,9.0,0.9030899869919435,66,35
753,25.0,10.0,0.0,66,39
754,25.0,14.0,0.7781512503836436,66,45
755,25.0,15.0,0.3010299956639812,66,47
756,25.0,17.0,0.6989700043360189,66,51
757,25.0,18.0,0.7781512503836436,66,53
758,25.0,19.0,1.5910646070264993,66,55
759,25.0,20.0,2.287801729930226,66,57
760,25.0,21.0,2.1583624920952498,66,58
761,25.0,22.0,2.406540180433955,66,60
762,25.0,23.0,3.0576661039098294,66,64
763,25.0,24.0,2.9079485216122722,66,65
764,25.0,25.0,3.370883016777606,66,66
765,25.0,26.0,2.089905111439398,66,68
766,25.0,27.0,2.2095150145426308,66,69
767,25.0,28.0,1.919078092376074,66,71
768,25.0,29.0,1.4313637641589874,66,72
769,25.0,30.0,2.0,66,74
770,25.0,31.0,1.4313637641589874,66,77
771,25.0,32.0,1.2787536009528289,66,81
772,25.0,33.0,1.1760912590556813,66,82
773,25.0,34.0,1.1760912590556813,66,83
774,25.0,35.0,0.8450980400142568,66,84
775,25.0,36.0,0.3010299956639812,66,89
776,25.0,37.0,0.6020599913279624,66,91
777,25.0,38.0,0.7781512503836436,66,94
778,25.0,39.0,0.7781512503836436,66,100
779,25.0,40.0,1.0,66,109
780,25.0,41.0,1.1139433523068367,66,111
781,26.0,1.0,0.7781512503836436,68,12
782,26.0,3.0,0.6989700043360189,68,19
783,26.0,5.0,0.3010299956639812,68,24
784,26.0,6.0,0.47712125471966244,68,26
785,26.0,7.0,0.47712125471966244,68,28
786,26.0,9.0,0.47712125471966244,68,35
787,26.0,10.0,0.0,68,39
788,26.0,14.0,1.0,68,45
789,26.0,15.0,0.3010299956639812,68,47
790,26.0,17.0,0.3010299956639812,68,51
791,26.0,18.0,0.8450980400142568,68,53
792,26.0,19.0,1.5440680443502757,68,55
793,26.0,20.0,2.167317334748176,68,57
794,26.0,21.0,1.9242792860618816,68,58
795,26.0,22.0,2.230448921378274,68,60
796,26.0,23.0,2.699837725867246,68,64
797,26.0,24.0,2.53655844257153,68,65
798,26.0,25.0,2.9508514588885464,68,66
799,26.0,26.0,2.8915374576725643,68,68
800,26.0,27.0,2.655138434811382,68,69
801,26.0,28.0,2.250420002308894,68,71
802,26.0,29.0,1.9030899869919435,68,72
803,26.0,30.0,2.3961993470957363,68,74
804,26.0,31.0,1.806179973983887,68,77
805,26.0,32.0,1.462397997898956,68,81
806,26.0,33.0,1.255272505103306,68,82
807,26.0,34.0,1.3979400086720377,68,83
808,26.0,35.0,1.2304489213782739,68,84
809,26.0,36.0,0.7781512503836436,68,89
810,26.0,37.0,0.8450980400142568,68,91
811,26.0,38.0,1.255272505103306,68,94
812,26.0,39.0,1.1139433523068367,68,100
813,26.0,40.0,1.3424226808222062,68,109
814,26.0,41.0,0.8450980400142568,68,111
815,26.0,42.0,0.7781512503836436,68,112
816,27.0,1.0,0.3010299956639812,69,12
817,27.0,3.0,0.9030899869919435,69,19
818,27.0,4.0,0.6020599913279624,69,21
819,27.0,5.0,0.6020599913279624,69,24
820,27.0,6.0,0.0,69,26
821,27.0,7.0,0.6989700043360189,69,28
822,27.0,8.0,0.6020599913279624,69,29
823,27.0,9.0,0.6020599913279624,69,35
824,27.0,14.0,0.6989700043360189,69,45
825,27.0,16.0,0.0,69,49
826,27.0,17.0,0.6020599913279624,69,51
827,27.0,19.0,1.3802112417116061,69,55
828,27.0,20.0,1.8129133566428557,69,57
829,27.0,21.0,1.5797835966168101,69,58
830,27.0,22.0,1.863322860120456,69,60
831,27.0,23.0,2.3820170425748683,69,64
832,27.0,24.0,2.1931245983544616,69,65
833,27.0,25.0,2.622214022966295,69,66
834,27.0,26.0,2.56702636615906,69,68
835,27.0,27.0,2.8356905714924254,69,69
836,27.0,28.0,2.5646660642520893,69,71
837,27.0,29.0,2.2068258760318495,69,72
838,27.0,30.0,2.5010592622177517,69,74
839,27.0,31.0,1.8750612633917,69,77
840,27.0,32.0,1.5314789170422551,69,81
841,27.0,33.0,1.3222192947339193,69,82
842,27.0,34.0,1.2787536009528289,69,83
843,27.0,35.0,1.6232492903979006,69,84
844,27.0,36.0,1.0413926851582251,69,89
845,27.0,37.0,1.3010299956639813,69,91
846,27.0,38.0,1.3802112417116061,69,94
847,27.0,39.0,1.255272505103306,69,100
848,27.0,40.0,1.4471580313422192,69,109
849,27.0,41.0,1.1139433523068367,69,111
850,27.0,42.0,0.47712125471966244,69,112
851,28.0,1.0,0.47712125471966244,71,12
852,28.0,4.0,0.0,71,21
853,28.0,7.0,0.3010299956639812,71,28
854,28.0,8.0,0.0,71,29
855,28.0,9.0,0.3010299956639812,71,35
856,28.0,10.0,0.0,71,39
857,28.0,13.0,0.0,71,42
858,28.0,17.0,0.0,71,51
859,28.0,18.0,0.3010299956639812,71,53
860,28.0,19.0,0.7781512503836436,71,55
861,28.0,20.0,1.0413926851582251,71,57
862,28.0,21.0,0.8450980400142568,71,58
863,28.0,22.0,1.2304489213782739,71,60
864,28.0,23.0,1.7075701760979363,71,64
865,28.0,24.0,1.7708520116421442,71,65
866,28.0,25.0,2.041392685158225,71,66
867,28.0,26.0,2.0569048513364727,71,68
868,28.0,27.0,2.7168377232995247,71,69
869,28.0,28.0,3.269279389771899,71,71
870,28.0,29.0,2.775974331129369,71,72
871,28.0,30.0,2.2600713879850747,71,74
872,28.0,31.0,1.5797835966168101,71,77
873,28.0,32.0,1.146128035678238,71,81
874,28.0,33.0,0.9030899869919435,71,82
875,28.0,34.0,1.0791812460476249,71,83
876,28.0,35.0,0.6989700043360189,71,84
877,28.0,36.0,0.47712125471966244,71,89
878,28.0,37.0,0.9030899869919435,71,91
879,28.0,38.0,0.7781512503836436,71,94
880,28.0,39.0,0.6020599913279624,71,100
881,28.0,40.0,1.0,71,109
882,28.0,41.0,0.3010299956639812,71,111
883,28.0,42.0,0.3010299956639812,71,112
884,29.0,1.0,0.3010299956639812,72,12
885,29.0,7.0,0.0,72,28
886,29.0,8.0,0.0,72,29
887,29.0,9.0,0.0,72,35
888,29.0,16.0,0.0,72,49
889,29.0,19.0,0.47712125471966244,72,55
890,29.0,20.0,0.3010299956639812,72,57
891,29.0,21.0,0.47712125471966244,72,58
892,29.0,22.0,1.0791812460476249,72,60
893,29.0,23.0,0.9542425094393249,72,64
894,29.0,24.0,1.3424226808222062,72,65
895,29.0,25.0,1.5314789170422551,72,66
896,29.0,26.0,1.6434526764861874,72,68
897,29.0,27.0,2.110589710299249,72,69
898,29.0,28.0,3.3211840273023143,72,71
899,29.0,29.0,3.141136090120739,72,72
900,29.0,30.0,1.8512583487190752,72,74
901,29.0,31.0,0.9030899869919435,72,77
902,29.0,32.0,1.0,72,81
903,29.0,33.0,0.8450980400142568,72,82
904,29.0,34.0,0.8450980400142568,72,83
905,29.0,35.0,0.47712125471966244,72,84
906,29.0,36.0,0.0,72,89
907,29.0,37.0,0.6020599913279624,72,91
908,29.0,38.0,0.0,72,94
909,29.0,39.0,0.3010299956639812,72,100
910,29.0,40.0,0.47712125471966244,72,109
911,29.0,41.0,0.0,72,111
912,29.0,42.0,0.3010299956639812,72,112
913,30.0,1.0,0.3010299956639812,74,12
914,30.0,3.0,0.3010299956639812,74,19
915,30.0,5.0,0.47712125471966244,74,24
916,30.0,7.0,0.47712125471966244,74,28
917,30.0,8.0,0.3010299956639812,74,29
918,30.0,9.0,0.0,74,35
919,30.0,10.0,0.0,74,39
920,30.0,16.0,0.0,74,49
921,30.0,17.0,0.3010299956639812,74,51
922,30.0,19.0,0.9030899869919435,74,55
923,30.0,20.0,0.8450980400142568,74,57
924,30.0,21.0,0.9030899869919435,74,58
925,30.0,22.0,0.6989700043360189,74,60
926,30.0,23.0,1.462397997898956,74,64
927,30.0,24.0,1.4913616938342726,74,65
928,30.0,25.0,1.9084850188786497,74,66
929,30.0,26.0,1.9344984512435677,74,68
930,30.0,27.0,2.385606273598312,74,69
931,30.0,28.0,2.6522463410033232,74,71
932,30.0,29.0,2.606381365110605,74,72
933,30.0,30.0,3.6811507499324216,74,74
934,30.0,31.0,2.220108088040055,74,77
935,30.0,32.0,1.7781512503836436,74,81
936,30.0,33.0,1.4771212547196624,74,82
937,30.0,34.0,1.5314789170422551,74,83
938,30.0,35.0,1.3979400086720377,74,84
939,30.0,36.0,1.3010299956639813,74,89
940,30.0,37.0,1.3010299956639813,74,91
941,30.0,38.0,1.3222192947339193,74,94
942,30.0,39.0,0.6989700043360189,74,100
943,30.0,40.0,1.3617278360175928,74,109
944,30.0,41.0,1.0791812460476249,74,111
945,30.0,42.0,0.47712125471966244,74,112
946,31.0,1.0,0.3010299956639812,77,12
947,31.0,3.0,0.3010299956639812,77,19
948,31.0,4.0,0.47712125471966244,77,21
949,31.0,5.0,0.0,77,24
950,31.0,6.0,0.0,77,26
951,31.0,8.0,0.3010299956639812,77,29
952,31.0,9.0,0.0,77,35
953,31.0,10.0,0.0,77,39
954,31.0,17.0,0.3010299956639812,77,51
955,31.0,19.0,0.47712125471966244,77,55
956,31.0,20.0,0.6020599913279624,77,57
957,31.0,21.0,0.7781512503836436,77,58
958,31.0,22.0,1.146128035678238,77,60
959,31.0,23.0,1.4913616938342726,77,64
960,31.0,24.0,1.5314789170422551,77,65
961,31.0,25.0,1.9344984512435677,77,66
962,31.0,26.0,1.8129133566428557,77,68
963,31.0,27.0,2.232996110392154,77,69
964,31.0,28.0,2.330413773349191,77,71
965,31.0,29.0,2.3283796034387376,77,72
966,31.0,30.0,3.598352709869284,77,74
967,31.0,31.0,2.583198773968623,77,77
968,31.0,32.0,2.2227164711475833,77,81
969,31.0,33.0,2.296665190261531,77,82
970,31.0,34.0,1.9084850188786497,77,83
971,31.0,35.0,1.6720978579357175,77,84
972,31.0,36.0,1.5563025007672873,77,89
973,31.0,37.0,1.414973347970818,77,91
974,31.0,38.0,1.4313637641589874,77,94
975,31.0,39.0,1.255272505103306,77,100
976,31.0,40.0,1.255272505103306,77,109
977,31.0,41.0,0.6020599913279624,77,111
978,31.0,42.0,0.47712125471966244,77,112
979,32.0,1.0,0.47712125471966244,81,12
980,32.0,5.0,0.6020599913279624,81,24
981,32.0,7.0,0.47712125471966244,81,28
982,32.0,9.0,0.3010299956639812,81,35
983,32.0,10.0,0.0,81,39
984,32.0,13.0,0.0,81,42
985,32.0,14.0,0.3010299956639812,81,45
986,32.0,19.0,0.0,81,55
987,32.0,20.0,0.8450980400142568,81,57
988,32.0,21.0,1.1760912590556813,81,58
989,32.0,22.0,1.0,81,60
990,32.0,23.0,1.3222192947339193,81,64
991,32.0,24.0,1.4313637641589874,81,65
992,32.0,25.0,1.6532125137753437,81,66
993,32.0,26.0,1.5797835966168101,81,68
994,32.0,27.0,2.0827853703164503,81,69
995,32.0,28.0,2.0681858617461617,81,71
996,32.0,29.0,2.0086001717619175,81,72
997,32.0,30.0,3.237292337567459,81,74
998,32.0,31.0,2.374748346010104,81,77
999,32.0,32.0,2.5390760987927767,81,81
1000,32.0,33.0,2.655138434811382,81,82
1001,32.0,34.0,2.462397997898956,81,83
1002,32.0,35.0,1.845098040014257,81,84
1003,32.0,36.0,1.6812412373755872,81,89
1004,32.0,37.0,1.6812412373755872,81,91
1005,32.0,38.0,1.662757831681574,81,94
1006,32.0,39.0,1.255272505103306,81,100
1007,32.0,40.0,1.3617278360175928,81,109
1008,32.0,41.0,1.0,81,111
1009,32.0,42.0,0.6020599913279624,81,112
1010,33.0,1.0,0.0,82,12
1011,33.0,3.0,0.3010299956639812,82,19
1012,33.0,7.0,0.6020599913279624,82,28
1013,33.0,14.0,0.47712125471966244,82,45
1014,33.0,19.0,0.3010299956639812,82,55
1015,33.0,20.0,0.9542425094393249,82,57
1016,33.0,21.0,0.6989700043360189,82,58
1017,33.0,22.0,0.6020599913279624,82,60
1018,33.0,23.0,1.3010299956639813,82,64
1019,33.0,24.0,1.2304489213782739,82,65
1020,33.0,25.0,1.6020599913279625,82,66
1021,33.0,26.0,1.7481880270062005,82,68
1022,33.0,27.0,1.8512583487190752,82,69
1023,33.0,28.0,1.9444826721501687,82,71
1024,33.0,29.0,1.9684829485539352,82,72
1025,33.0,30.0,3.1065308538223815,82,74
1026,33.0,31.0,2.4578818967339924,82,77
1027,33.0,32.0,2.754348335711019,82,81
1028,33.0,33.0,2.833147111912785,82,82
1029,33.0,34.0,2.6866362692622934,82,83
1030,33.0,35.0,1.7242758696007892,82,84
1031,33.0,36.0,1.6232492903979006,82,89
1032,33.0,37.0,1.6127838567197355,82,91
1033,33.0,38.0,1.6232492903979006,82,94
1034,33.0,39.0,1.146128035678238,82,100
1035,33.0,40.0,1.2304489213782739,82,109
1036,33.0,41.0,1.0413926851582251,82,111
1037,33.0,42.0,0.7781512503836436,82,112
1038,34.0,3.0,0.3010299956639812,83,19
1039,34.0,4.0,0.0,83,21
1040,34.0,7.0,0.47712125471966244,83,28
1041,34.0,8.0,0.0,83,29
1042,34.0,9.0,0.0,83,35
1043,34.0,10.0,0.0,83,39
1044,34.0,14.0,0.3010299956639812,83,45
1045,34.0,16.0,0.0,83,49
1046,34.0,17.0,0.47712125471966244,83,51
1047,34.0,18.0,0.3010299956639812,83,53
1048,34.0,19.0,0.6989700043360189,83,55
1049,34.0,20.0,0.7781512503836436,83,57
1050,34.0,21.0,1.1760912590556813,83,58
1051,34.0,22.0,0.8450980400142568,83,60
1052,34.0,23.0,1.0,83,64
1053,34.0,24.0,1.1139433523068367,83,65
1054,34.0,25.0,1.4913616938342726,83,66
1055,34.0,26.0,1.7634279935629373,83,68
1056,34.0,27.0,1.9084850188786497,83,69
1057,34.0,28.0,1.806179973983887,83,71
1058,34.0,29.0,1.7634279935629373,83,72
1059,34.0,30.0,2.792391689498254,83,74
1060,34.0,31.0,2.24551266781415,83,77
1061,34.0,32.0,2.369215857410143,83,81
1062,34.0,33.0,2.6444385894678386,83,82
1063,34.0,34.0,3.244771761495295,83,83
1064,34.0,35.0,2.037426497940624,83,84
1065,34.0,36.0,1.6020599913279625,83,89
1066,34.0,37.0,1.6020599913279625,83,91
1067,34.0,38.0,1.568201724066995,83,94
1068,34.0,39.0,1.3802112417116061,83,100
1069,34.0,40.0,1.3010299956639813,83,109
1070,34.0,41.0,0.9030899869919435,83,111
1071,34.0,42.0,0.47712125471966244,83,112
1072,35.0,1.0,0.6020599913279624,84,12
1073,35.0,3.0,0.0,84,19
1074,35.0,4.0,0.3010299956639812,84,21
1075,35.0,6.0,0.0,84,26
1076,35.0,7.0,0.0,84,28
1077,35.0,8.0,0.0,84,29
1078,35.0,9.0,0.47712125471966244,84,35
1079,35.0,16.0,0.3010299956639812,84,49
1080,35.0,18.0,0.0,84,53
1081,35.0,19.0,0.0,84,55
1082,35.0,20.0,0.8450980400142568,84,57
1083,35.0,21.0,0.47712125471966244,84,58
1084,35.0,22.0,0.8450980400142568,84,60
1085,35.0,23.0,1.2304489213782739,84,64
1086,35.0,24.0,1.1760912590556813,84,65
1087,35.0,25.0,1.2787536009528289,84,66
1088,35.0,26.0,1.3222192947339193,84,68
1089,35.0,27.0,1.7403626894942439,84,69
1090,35.0,28.0,1.6989700043360187,84,71
1091,35.0,29.0,1.6334684555795866,84,72
1092,35.0,30.0,2.3873898263387296,84,74
1093,35.0,31.0,2.1271047983648077,84,77
1094,35.0,32.0,2.0170333392987803,84,81
1095,35.0,33.0,2.2648178230095364,84,82
1096,35.0,34.0,3.0265332645232967,84,83
1097,35.0,35.0,3.2946866242794433,84,84
1098,35.0,36.0,1.8976270912904414,84,89
1099,35.0,37.0,2.164352855784437,84,91
1100,35.0,38.0,1.792391689498254,84,94
1101,35.0,39.0,1.568201724066995,84,100
1102,35.0,40.0,1.5910646070264993,84,109
1103,35.0,41.0,1.3979400086720377,84,111
1104,35.0,42.0,1.0,84,112
1105,36.0,1.0,0.0,89,12
1106,36.0,7.0,0.3010299956639812,89,28
1107,36.0,9.0,0.0,89,35
1108,36.0,11.0,0.0,89,40
1109,36.0,17.0,0.0,89,51
1110,36.0,19.0,0.6020599913279624,89,55
1111,36.0,20.0,0.0,89,57
1112,36.0,21.0,0.47712125471966244,89,58
1113,36.0,22.0,0.47712125471966244,89,60
1114,36.0,23.0,0.8450980400142568,89,64
1115,36.0,24.0,0.6020599913279624,89,65
1116,36.0,25.0,1.146128035678238,89,66
1117,36.0,26.0,1.2304489213782739,89,68
1118,36.0,27.0,1.4771212547196624,89,69
1119,36.0,28.0,1.568201724066995,89,71
1120,36.0,29.0,1.3617278360175928,89,72
1121,36.0,30.0,2.2068258760318495,89,74
1122,36.0,31.0,2.0043213737826426,89,77
1123,36.0,32.0,1.9684829485539352,89,81
1124,36.0,33.0,2.0644579892269186,89,82
1125,36.0,34.0,2.60422605308447,89,83
1126,36.0,35.0,3.2757719001649312,89,84
1127,36.0,36.0,2.8651039746411278,89,89
1128,36.0,37.0,2.906335041805091,89,91
1129,36.0,38.0,2.100370545117563,89,94
1130,36.0,39.0,1.568201724066995,89,100
1131,36.0,40.0,1.4471580313422192,89,109
1132,36.0,41.0,1.3979400086720377,89,111
1133,36.0,42.0,0.9542425094393249,89,112
1134,37.0,1.0,0.6020599913279624,91,12
1135,37.0,4.0,0.0,91,21
1136,37.0,5.0,0.0,91,24
1137,37.0,7.0,0.47712125471966244,91,28
1138,37.0,9.0,0.0,91,35
1139,37.0,19.0,0.3010299956639812,91,55
1140,37.0,20.0,0.0,91,57
1141,37.0,21.0,0.3010299956639812,91,58
1142,37.0,22.0,0.7781512503836436,91,60
1143,37.0,23.0,0.7781512503836436,91,64
1144,37.0,24.0,1.0,91,65
1145,37.0,25.0,1.0791812460476249,91,66
1146,37.0,26.0,1.1760912590556813,91,68
1147,37.0,27.0,1.3802112417116061,91,69
1148,37.0,28.0,1.414973347970818,91,71
1149,37.0,29.0,1.146128035678238,91,72
1150,37.0,30.0,1.8692317197309762,91,74
1151,37.0,31.0,1.8864907251724818,91,77
1152,37.0,32.0,1.9493900066449128,91,81
1153,37.0,33.0,1.9344984512435677,91,82
1154,37.0,34.0,2.45484486000851,91,83
1155,37.0,35.0,3.062581984228163,91,84
1156,37.0,36.0,2.6273658565927325,91,89
1157,37.0,37.0,3.3651134316275773,91,91
1158,37.0,38.0,1.8864907251724818,91,94
1159,37.0,39.0,1.4471580313422192,91,100
1160,37.0,40.0,1.2041199826559248,91,109
1161,37.0,41.0,1.0413926851582251,91,111
1162,37.0,42.0,0.8450980400142568,91,112
1163,38.0,1.0,0.0,94,12
1164,38.0,3.0,0.0,94,19
1165,38.0,4.0,0.0,94,21
1166,38.0,5.0,0.3010299956639812,94,24
1167,38.0,7.0,0.3010299956639812,94,28
1168,38.0,8.0,0.0,94,29
1169,38.0,18.0,0.0,94,53
1170,38.0,19.0,0.0,94,55
1171,38.0,20.0,0.3010299956639812,94,57
1172,38.0,22.0,0.3010299956639812,94,60
1173,38.0,23.0,0.47712125471966244,94,64
1174,38.0,24.0,0.3010299956639812,94,65
1175,38.0,25.0,0.6020599913279624,94,66
1176,38.0,26.0,0.9542425094393249,94,68
1177,38.0,27.0,1.2787536009528289,94,69
1178,38.0,28.0,1.0,94,71
1179,38.0,29.0,0.6020599913279624,94,72
1180,38.0,30.0,1.5563025007672873,94,74
1181,38.0,31.0,1.3617278360175928,94,77
1182,38.0,32.0,1.255272505103306,94,81
1183,38.0,33.0,1.2787536009528289,94,82
1184,38.0,34.0,1.8129133566428557,94,83
1185,38.0,35.0,2.247973266361807,94,84
1186,38.0,36.0,2.1172712956557644,94,89
1187,38.0,37.0,2.568201724066995,94,91
1188,38.0,38.0,3.5787537844264348,94,94
1189,38.0,39.0,1.7708520116421442,94,100
1190,38.0,40.0,1.7853298350107671,94,109
1191,38.0,41.0,1.5314789170422551,94,111
1192,38.0,42.0,1.2041199826559248,94,112
1193,39.0,1.0,0.47712125471966244,100,12
1194,39.0,3.0,0.0,100,19
1195,39.0,4.0,0.47712125471966244,100,21
1196,39.0,7.0,0.47712125471966244,100,28
1197,39.0,8.0,0.0,100,29
1198,39.0,9.0,0.0,100,35
1199,39.0,10.0,0.0,100,39
1200,39.0,20.0,0.0,100,57
1201,39.0,21.0,0.3010299956639812,100,58
1202,39.0,22.0,0.6020599913279624,100,60
1203,39.0,23.0,0.7781512503836436,100,64
1204,39.0,24.0,1.0,100,65
1205,39.0,25.0,0.9542425094393249,100,66
1206,39.0,26.0,1.1760912590556813,100,68
1207,39.0,27.0,1.3979400086720377,100,69
1208,39.0,28.0,1.1760912590556813,100,71
1209,39.0,29.0,1.0,100,72
1210,39.0,30.0,1.6232492903979006,100,74
1211,39.0,31.0,1.5185139398778875,100,77
1212,39.0,32.0,1.3979400086720377,100,81
1213,39.0,33.0,1.505149978319906,100,82
1214,39.0,34.0,1.7781512503836436,100,83
1215,39.0,35.0,2.3180633349627615,100,84
1216,39.0,36.0,2.334453751150931,100,89
1217,39.0,37.0,2.496929648073215,100,91
1218,39.0,38.0,3.2174839442139063,100,94
1219,39.0,39.0,2.816241299991783,100,100
1220,39.0,40.0,2.1398790864012365,100,109
1221,39.0,41.0,1.9084850188786497,100,111
1222,39.0,42.0,1.4771212547196624,100,112
1223,40.0,1.0,0.3010299956639812,109,12
1224,40.0,4.0,0.3010299956639812,109,21
1225,40.0,5.0,0.0,109,24
1226,40.0,7.0,0.6989700043360189,109,28
1227,40.0,9.0,0.0,109,35
1228,40.0,10.0,0.0,109,39
1229,40.0,14.0,0.0,109,45
1230,40.0,22.0,0.3010299956639812,109,60
1231,40.0,23.0,0.6020599913279624,109,64
1232,40.0,24.0,0.0,109,65
1233,40.0,25.0,0.6020599913279624,109,66
1234,40.0,26.0,1.0,109,68
1235,40.0,27.0,1.1760912590556813,109,69
1236,40.0,28.0,0.7781512503836436,109,71
1237,40.0,29.0,0.6020599913279624,109,72
1238,40.0,30.0,1.5185139398778875,109,74
1239,40.0,31.0,1.414973347970818,109,77
1240,40.0,32.0,1.0413926851582251,109,81
1241,40.0,33.0,1.2041199826559248,109,82
1242,40.0,34.0,1.3222192947339193,109,83
1243,40.0,35.0,1.5314789170422551,109,84
1244,40.0,36.0,1.7558748556724915,109,89
1245,40.0,37.0,1.806179973983887,109,91
1246,40.0,38.0,2.143014800254095,109,94
1247,40.0,39.0,2.2600713879850747,109,100
1248,40.0,40.0,3.838471279071929,109,109
1249,40.0,41.0,2.406540180433955,109,111
1250,40.0,42.0,1.9294189257142929,109,112
1251,41.0,1.0,0.3010299956639812,111,12
1252,41.0,5.0,0.0,111,24
1253,41.0,7.0,0.3010299956639812,111,28
1254,41.0,9.0,0.3010299956639812,111,35
1255,41.0,19.0,0.0,111,55
1256,41.0,22.0,0.0,111,60
1257,41.0,23.0,0.0,111,64
1258,41.0,24.0,0.6020599913279624,111,65
1259,41.0,25.0,0.6989700043360189,111,66
1260,41.0,26.0,1.1139433523068367,111,68
1261,41.0,27.0,1.0413926851582251,111,69
1262,41.0,28.0,0.7781512503836436,111,71
1263,41.0,29.0,0.6020599913279624,111,72
1264,41.0,30.0,1.3222192947339193,111,74
1265,41.0,31.0,1.1139433523068367,111,77
1266,41.0,32.0,1.1139433523068367,111,81
1267,41.0,33.0,0.47712125471966244,111,82
1268,41.0,34.0,1.1139433523068367,111,83
1269,41.0,35.0,1.0791812460476249,111,84
1270,41.0,36.0,1.5797835966168101,111,89
1271,41.0,37.0,1.505149978319906,111,91
1272,41.0,38.0,2.1398790864012365,111,94
1273,41.0,39.0,2.012837224705172,111,100
1274,41.0,40.0,3.1583624920952498,111,109
1275,41.0,41.0,3.4778444763387584,111,111
1276,41.0,42.0,2.1172712956557644,111,112
1277,42.0,6.0,0.0,112,26
1278,42.0,7.0,0.0,112,28
1279,42.0,8.0,0.3010299956639812,112,29
1280,42.0,9.0,0.3010299956639812,112,35
1281,42.0,10.0,0.0,112,39
1282,42.0,23.0,0.47712125471966244,112,64
1283,42.0,25.0,0.6020599913279624,112,66
1284,42.0,26.0,0.6020599913279624,112,68
1285,42.0,27.0,0.7781512503836436,112,69
1286,42.0,28.0,0.47712125471966244,112,71
1287,42.0,29.0,0.47712125471966244,112,72
1288,42.0,30.0,0.6989700043360189,112,74
1289,42.0,31.0,0.9030899869919435,112,77
1290,42.0,32.0,0.6020599913279624,112,81
1291,42.0,33.0,0.6989700043360189,112,82
1292,42.0,34.0,1.0,112,83
1293,42.0,35.0,1.0413926851582251,112,84
1294,42.0,36.0,1.255272505103306,112,89
1295,42.0,37.0,1.3222192947339193,112,91
1296,42.0,38.0,2.0253058652647704,112,94
1297,42.0,39.0,1.8920946026904804,112,100
1298,42.0,40.0,2.597695185925512,112,109
1299,42.0,41.0,2.9242792860618816,112,111
1300,42.0,42.0,3.7672300981107183,112,112
